period,site_id,indicator,landcover,median,annual_sen_slope,units,trend_likelihood,trend_category,geometry
2008-2017,EW-00069,Ammoniacal nitrogen,Native,0.01,0,g/m3,Very likely improving,Indeterminate,"c(1840304.84445068, 5681670.13947352)"
1990-2017,EW-00083,Nitrate-nitrogen,Pastoral,0.068,0.001049,g/m3,Very likely worsening,Worsening,"c(1869455.2628095, 5744318.36597349)"
2008-2017,CCC-00009,Ammoniacal nitrogen,Urban,0.0405,-0.001997,g/m3,Very likely improving,Improving,"c(1573541.02599471, 5180839.2997005)"
2008-2017,ECAN-00049,Ammoniacal nitrogen,Pastoral,0.01,-7.14e-4,g/m3,Very likely improving,Improving,"c(1439900.95377644, 5037036.23433027)"
2008-2017,TRC-00008,Nitrate-nitrogen,Native,0.02,0,g/m3,Indeterminate,Indeterminate,"c(1677440.75324841, 5657628.69593126)"
2008-2017,LAWA-101934,Nitrate-nitrogen,Native,0.109,0.020441,g/m3,Very likely worsening,Worsening,"c(1812030.17408857, 5632231.76140814)"
1990-2017,NAT-DN09,Total nitrogen,Native,0.33,0.006516,g/m3,Very likely worsening,Worsening,"c(1189470.70574501, 4877602.57623951)"
2008-2017,MDC-00012,Nitrate-nitrogen,Pastoral,0.7795,0.006178,g/m3,Likely worsening,Indeterminate,"c(1664834.63418033, 5426206.80823271)"
1998-2017,NAT-AK01,Ammoniacal nitrogen,Pastoral,0.01352525,3.5e-5,g/m3,Likely worsening,Indeterminate,"c(1735470.71407698, 5972085.20185238)"
2008-2017,ECAN-00093,Total nitrogen,Pastoral,6.5,0.123604,g/m3,Very likely worsening,Worsening,"c(1546785.50057977, 5150250.420476)"
2008-2017,HRC-00042,Total nitrogen,Pastoral,0.67,-0.013045,g/m3,Very likely improving,Improving,"c(1809155.94675563, 5560608.11468557)"
2008-2017,ORC-00094,Total nitrogen,Pastoral,1.25,0.033356,g/m3,Very likely worsening,Worsening,"c(1334559.61136879, 4882000.94049332)"
2008-2017,ECAN-00136,Ammoniacal nitrogen,Native,0.01,-4.16e-4,g/m3,Very likely improving,Improving,"c(1634266.48051204, 5283429.13497249)"
2008-2017,ECAN-00034,Ammoniacal nitrogen,Pastoral,0.01,-5.23e-4,g/m3,Very likely improving,Improving,"c(1461771.3670413, 5099260.07398151)"
2008-2017,ARC-00010,Total nitrogen,Urban,1.63,-0.069603,g/m3,Very likely improving,Improving,"c(1751942.13215072, 5917436.22741295)"
2008-2017,EW-00114,Ammoniacal nitrogen,Pastoral,0.01,0,g/m3,Very likely improving,Indeterminate,"c(1784668.39986439, 5853553.79827394)"
1998-2017,ECAN-00086,Ammoniacal nitrogen,Pastoral,0.011,-6.25e-4,g/m3,Very likely improving,Improving,"c(1552680.75813267, 5161524.66137514)"
2008-2017,CCC-00007,Ammoniacal nitrogen,Urban,0.026,-0.001002,g/m3,Very likely improving,Indeterminate,"c(1570870.33136184, 5180110.51418162)"
2008-2017,LAWA-101933,Nitrate-nitrogen,Pastoral,0.45395,-0.001482,g/m3,Likely improving,Indeterminate,"c(1842173.14479255, 5529905.92828511)"
1998-2017,ES-00135,Total nitrogen,Pastoral,2.1,0.003111,g/m3,Likely worsening,Indeterminate,"c(1258188.38342163, 4838350.25428847)"
2008-2017,ECAN-00008,Ammoniacal nitrogen,Pastoral,0.01,-8.31e-4,g/m3,Very likely improving,Improving,"c(1415295.79423183, 5068733.96740407)"
1998-2017,EW-00020,Nitrate-nitrogen,Urban,0.92,-0.008537,g/m3,Very likely improving,Improving,"c(1802437.8338602, 5812475.44772387)"
2008-2017,MDC-00018,Nitrate-nitrogen,Pastoral,0.69,-0.062012,g/m3,Very likely improving,Improving,"c(1684871.9581187, 5403129.43317129)"
2008-2017,ORC-00156,Ammoniacal nitrogen,Pastoral,0.01,0,g/m3,Very likely worsening,Indeterminate,"c(1376410.85400191, 4991042.41677077)"
2008-2017,HRC-00065,Nitrate-nitrogen,Native,0.1021,0.020501,g/m3,Very likely worsening,Worsening,"c(1812027.7702546, 5632330.38100981)"
2008-2017,ORC-00047,Nitrate-nitrogen,Pastoral,0.041,3e-4,g/m3,Indeterminate,Indeterminate,"c(1331685.28385536, 4998800.65921911)"
2008-2017,HBRC-00088,Total nitrogen,Pastoral,1.03,-0.014789,g/m3,Likely improving,Indeterminate,"c(1914507.13608754, 5569734.78991076)"
1998-2017,HBRC-00039,Nitrate-nitrogen,Pastoral,0.069,-0.002601,g/m3,Very likely improving,Improving,"c(1886293.42620232, 5573855.35312967)"
2008-2017,ES-00067,Nitrate-nitrogen,Pastoral,0.41,-0.025914,g/m3,Very likely improving,Improving,"c(1260758.28012429, 4902524.81671538)"
2008-2017,EBOP-00010,Nitrate-nitrogen,Pastoral,0.83,-0.004835,g/m3,Very likely improving,Improving,"c(1881721.81882938, 5779975.88141377)"
1998-2017,ES-00037,Ammoniacal nitrogen,Pastoral,0.01,0,g/m3,Very likely improving,Indeterminate,"c(1286944.6072301, 4886582.23105509)"
2008-2017,WCRC-00039,Ammoniacal nitrogen,Native,0.006,-5.32e-4,g/m3,Very likely improving,Improving,"c(1477625.96881234, 5281774.77374978)"
2008-2017,HBRC-00011,Nitrate-nitrogen,Pastoral,0.054,0.001505,g/m3,Likely improving,Indeterminate,"c(1902224.57217295, 5533292.04381964)"
2008-2017,ES-00029,Ammoniacal nitrogen,Exotic forest,0.01,0,g/m3,Indeterminate,Indeterminate,"c(1298358.34385271, 4863965.85587886)"
2008-2017,NAT-DN05,Total nitrogen,Pastoral,1.4418325,0.016057,g/m3,Very likely worsening,Worsening,"c(1276840.33667025, 4853913.80959381)"
2008-2017,NAT-TK06,Total nitrogen,Native,0.09188475,-0.001403,g/m3,Very likely improving,Indeterminate,"c(1450084.64907342, 5023209.16649061)"
1998-2017,EW-00021,Nitrate-nitrogen,Pastoral,2.8,0,g/m3,Indeterminate,Indeterminate,"c(1848625.39538551, 5768324.86025484)"
1998-2017,NAT-DN02,Total nitrogen,Pastoral,0.246,-4.83e-4,g/m3,Likely improving,Indeterminate,"c(1373334.25597457, 4946566.74739863)"
1998-2017,HBRC-00022,Ammoniacal nitrogen,Pastoral,0.011,-6.67e-4,g/m3,Very likely improving,Improving,"c(1927725.2392727, 5650689.84676841)"
1998-2017,EW-00013,Ammoniacal nitrogen,Native,0.01,0,g/m3,Very likely improving,Indeterminate,"c(1825489.76173404, 5691862.25859438)"
2008-2017,EW-00052,Nitrate-nitrogen,Pastoral,0.095,0.001227,g/m3,Very likely worsening,Indeterminate,"c(1769669.14298952, 5787424.10127637)"
1998-2017,ORC-00082,Nitrate-nitrogen,Pastoral,0.17,0.029752,g/m3,Very likely worsening,Worsening,"c(1433507.27099725, 4997598.39889043)"
2008-2017,NCC-00009,Ammoniacal nitrogen,Urban,0.013,0,g/m3,Indeterminate,Indeterminate,"c(1622314.48514805, 5428181.87538955)"
2008-2017,LAWA-101919,Ammoniacal nitrogen,Pastoral,0.01,0,g/m3,Likely improving,Indeterminate,"c(1841555.09105775, 5603435.3960416)"
2008-2017,WCRC-00022,Ammoniacal nitrogen,Pastoral,0.007,-4.43e-4,g/m3,Very likely improving,Indeterminate,"c(1397747.24858779, 5228814.20802492)"
2008-2017,NRC-00016,Nitrate-nitrogen,Pastoral,0.0305,-7e-4,g/m3,Very likely improving,Improving,"c(1625078.18330622, 6113237.52334797)"
2008-2017,ES-00019,Nitrate-nitrogen,Urban,1.265,-0.054012,g/m3,Very likely improving,Improving,"c(1242696.86126775, 4849257.08530154)"
2008-2017,LAWA-101963,Ammoniacal nitrogen,Native,0.085,8.7e-4,g/m3,Likely worsening,Indeterminate,"c(1821535.82892111, 5628135.87204699)"
2008-2017,NAT-WA01,Total nitrogen,Pastoral,0.602181,0.013792,g/m3,Very likely worsening,Worsening,"c(1708572.09887884, 5676997.1213531)"
2008-2017,NAT-WH04,Total nitrogen,Pastoral,0.67357875,0.002154,g/m3,Indeterminate,Indeterminate,"c(1704195.37192097, 6053807.97747817)"
2008-2017,EW-00105,Total nitrogen,Pastoral,0.795,-0.002984,g/m3,Likely improving,Indeterminate,"c(1783602.48997902, 5763039.07625601)"
1990-2017,HBRC-00003,Ammoniacal nitrogen,Pastoral,0.0375,-2.28e-4,g/m3,Likely improving,Indeterminate,"c(1932963.42808701, 5609359.16099097)"
1998-2017,ES-00021,Nitrate-nitrogen,Pastoral,1.079,0.00613,g/m3,Very likely worsening,Worsening,"c(1275400.93387483, 4853959.7089965)"
2008-2017,EW-00019,Ammoniacal nitrogen,Pastoral,0.01,0,g/m3,Indeterminate,Indeterminate,"c(1838447.59883054, 5739496.76280029)"
2008-2017,HBRC-00019,Ammoniacal nitrogen,Pastoral,0.01,-3.89e-4,g/m3,Very likely improving,Improving,"c(1894711.19249937, 5581653.28639584)"
2008-2017,ES-00052,Nitrate-nitrogen,Pastoral,1.805,0.025873,g/m3,Very likely worsening,Worsening,"c(1213012.42937845, 4862225.14241204)"
1998-2017,NAT-NN05,Total nitrogen,Native,0.093,6.06e-4,g/m3,Very likely worsening,Worsening,"c(1548984.93444428, 5376111.57579002)"
2008-2017,ECAN-00137,Total nitrogen,Pastoral,1.6,0.015851,g/m3,Likely worsening,Indeterminate,"c(1579497.02946246, 5252710.9551832)"
2008-2017,NAT-RO05,Nitrate-nitrogen,Exotic forest,0.4351425,0.00845,g/m3,Very likely worsening,Indeterminate,"c(1933491.90015157, 5782767.98651515)"
2008-2017,EW-00080,Total nitrogen,Pastoral,0.445,0.006663,g/m3,Very likely worsening,Worsening,"c(1806565.79366862, 5809182.86350224)"
2008-2017,EW-00065,Total nitrogen,Native,0.0929,7e-5,g/m3,Indeterminate,Indeterminate,"c(1846308.78155094, 5893078.36292064)"
1990-2017,NAT-GS04,Total nitrogen,Native,0.117914,-1.9e-5,g/m3,Indeterminate,Indeterminate,"c(2008011.78889632, 5799351.54221898)"
2008-2017,ARC-00014,Total nitrogen,Urban,1.6,0.005351,g/m3,Indeterminate,Indeterminate,"c(1764284.51530669, 5907016.63730091)"
2008-2017,ORC-00081,Ammoniacal nitrogen,Pastoral,0.01,0,g/m3,Likely improving,Indeterminate,"c(1430518.17122613, 4986496.53381685)"
2008-2017,ECAN-00055,Ammoniacal nitrogen,Pastoral,0.0185,-0.008206,g/m3,Very likely improving,Improving,"c(1451753.57588524, 5026365.10370736)"
2008-2017,TRC-00002,Ammoniacal nitrogen,Pastoral,0.01,5.12e-4,g/m3,Very likely worsening,Worsening,"c(1708764.09535806, 5665036.12744068)"
2008-2017,EW-00056,Ammoniacal nitrogen,Pastoral,0.01,0,g/m3,Likely worsening,Indeterminate,"c(1885357.55895989, 5754863.06872462)"
2008-2017,EW-00104,Total nitrogen,Pastoral,0.8,0.010048,g/m3,Very likely worsening,Worsening,"c(1791993.05573647, 5771651.39905672)"
1998-2017,ARC-00008,Ammoniacal nitrogen,Pastoral,0.02,-0.001449,g/m3,Very likely improving,Improving,"c(1753479.16710822, 5976280.78394104)"
2008-2017,GW-00005,Nitrate-nitrogen,Native,0.035,0,g/m3,Indeterminate,Indeterminate,"c(1785403.71905513, 5478556.60926639)"
2008-2017,ECAN-00069,Total nitrogen,Native,1.73,0.099873,g/m3,Very likely worsening,Worsening,"c(1471607.28709615, 5100286.57754414)"
2008-2017,HRC-00078,Ammoniacal nitrogen,Pastoral,0.01,-0.001537,g/m3,Very likely improving,Improving,"c(1819662.12146243, 5543105.5670986)"
2008-2017,NRC-00001,Total nitrogen,Pastoral,0.94,-0.022194,g/m3,Very likely improving,Improving,"c(1703567.31411613, 6048746.40647781)"
1998-2017,NAT-RO06,Ammoniacal nitrogen,Native,0.001,0,g/m3,Indeterminate,Indeterminate,"c(1868160.35049445, 5715893.14430308)"
2008-2017,MDC-00021,Ammoniacal nitrogen,Native,0.01,-2.92e-4,g/m3,Likely improving,Indeterminate,"c(1647571.29964676, 5427422.69651593)"
2008-2017,HBRC-00069,Total nitrogen,Pastoral,1.45,0.02607,g/m3,Very likely worsening,Worsening,"c(1885655.39048073, 5669609.72983947)"
2008-2017,GW-00040,Nitrate-nitrogen,Pastoral,0.825,-0.024096,g/m3,Very likely improving,Indeterminate,"c(1825018, 5462890)"
2008-2017,HRC-00053,Nitrate-nitrogen,Native,0.04235,0.001616,g/m3,Very likely worsening,Indeterminate,"c(1811308.56367725, 5625078.64041175)"
2008-2017,NRC-00002,Nitrate-nitrogen,Pastoral,0.16,-0.002809,g/m3,Very likely improving,Improving,"c(1700340.16469369, 6019550.23856047)"
1998-2017,NAT-WN01,Nitrate-nitrogen,Native,0.213,-0.003238,g/m3,Very likely improving,Improving,"c(1761038, 5437628)"
2008-2017,NRC-00018,Nitrate-nitrogen,Pastoral,0.195,-0.006687,g/m3,Very likely improving,Improving,"c(1734310.33496976, 5992215.4133239)"
2008-2017,EBOP-00044,Total nitrogen,Native,0.08749999925,-6.65e-4,g/m3,Likely improving,Indeterminate,"c(1975724.42552673, 5775003.15878558)"
2008-2017,NAT-DN10,Nitrate-nitrogen,Native,0.004043,-1.9e-5,g/m3,Indeterminate,Indeterminate,"c(1175353.77529873, 4912841.39967819)"
1998-2017,NAT-TU01,Ammoniacal nitrogen,Pastoral,0.009,1.11e-4,g/m3,Very likely worsening,Worsening,"c(1789694.9690172, 5687114.86976788)"
2008-2017,HRC-00048,Nitrate-nitrogen,Pastoral,0.48585,-0.010375,g/m3,Very likely improving,Indeterminate,"c(1860676.69587542, 5540309.64247257)"
2008-2017,HBRC-00044,Nitrate-nitrogen,Pastoral,0.23,0.009122,g/m3,Very likely worsening,Indeterminate,"c(1931696.1633613, 5609633.02152158)"
2008-2017,LAWA-101943,Total nitrogen,Pastoral,0.9765,0.009704,g/m3,Likely worsening,Indeterminate,"c(1863889.30020963, 5542493.71992776)"
1990-2017,NAT-HM04,Total nitrogen,Pastoral,0.57201275,0.003833,g/m3,Very likely worsening,Worsening,"c(1788553.4462778, 5854908.67058694)"
1998-2017,EW-00054,Nitrate-nitrogen,Pastoral,2.015,0.013834,g/m3,Very likely worsening,Worsening,"c(1843508.12895999, 5799006.29007548)"
1990-2017,NAT-HV03,Nitrate-nitrogen,Pastoral,0.07255775,7.96e-4,g/m3,Very likely worsening,Worsening,"c(1932503.897781, 5609684.32539722)"
2008-2017,EBOP-00053,Total nitrogen,Native,0.1675,0.001352,g/m3,Likely worsening,Indeterminate,"c(1926899.61279003, 5734092.49718264)"
1998-2017,NRC-00001,Ammoniacal nitrogen,Pastoral,0.0525,-0.004178,g/m3,Very likely improving,Improving,"c(1703567.31411613, 6048746.40647781)"
1998-2017,EW-00019,Ammoniacal nitrogen,Pastoral,0.01,0,g/m3,Indeterminate,Indeterminate,"c(1838447.59883054, 5739496.76280029)"
2008-2017,EBOP-00057,Total nitrogen,Pastoral,0.738,-0.008201,g/m3,Very likely improving,Improving,"c(1896177.52626998, 5811575.90814322)"
2008-2017,ECAN-00182,Ammoniacal nitrogen,Pastoral,0.01,-1.01e-4,g/m3,Likely improving,Indeterminate,"c(1470544.31091769, 5103541.62423545)"
2008-2017,ES-00054,Ammoniacal nitrogen,Native,0.01,-0.002584,g/m3,Very likely improving,Improving,"c(1249927.3567345, 4835402.53381603)"
1998-2017,ECAN-00181,Nitrate-nitrogen,Native,0.25,0.002154,g/m3,Very likely worsening,Indeterminate,"c(1480949.2439577, 5106182.72032858)"
2008-2017,NRC-00002,Total nitrogen,Pastoral,0.54,0.035248,g/m3,Very likely worsening,Worsening,"c(1700340.16469369, 6019550.23856047)"
2008-2017,HRC-00002,Total nitrogen,Pastoral,0.3735,-0.002311,g/m3,Likely improving,Indeterminate,"c(1842955.57661486, 5595530.64197874)"
2008-2017,EW-00082,Total nitrogen,Exotic forest,0.122,0.00164,g/m3,Very likely worsening,Worsening,"c(1887959.80494298, 5729695.75680236)"
1998-2017,EW-00082,Ammoniacal nitrogen,Exotic forest,0.01,0,g/m3,Very likely improving,Indeterminate,"c(1887959.80494298, 5729695.75680236)"
1998-2017,ECAN-00085,Total nitrogen,Pastoral,3.6,0.017401,g/m3,Very likely worsening,Worsening,"c(1555707.48627913, 5161673.89932379)"
2008-2017,TDC-00035,Ammoniacal nitrogen,Pastoral,0.006,-3.37e-4,g/m3,Very likely improving,Improving,"c(1577906.55360991, 5418736.19669213)"
2008-2017,ES-00036,Ammoniacal nitrogen,Pastoral,0.031,0.001248,g/m3,Very likely worsening,Worsening,"c(1274076.44872779, 4854541.36056373)"
1998-2017,EW-00070,Nitrate-nitrogen,Pastoral,0.41,0.00511,g/m3,Very likely worsening,Worsening,"c(1841606.44202781, 5680470.60006114)"
2008-2017,HRC-00015,Ammoniacal nitrogen,Pastoral,0.01,0,g/m3,Very likely improving,Indeterminate,"c(1823067.93715931, 5527303.16015962)"
1998-2017,EW-00048,Nitrate-nitrogen,Pastoral,0.27,0.002826,g/m3,Very likely worsening,Worsening,"c(1773724.60207856, 5818433.61575986)"
2008-2017,ECAN-00010,Total nitrogen,Pastoral,0.605,0.029943,g/m3,Very likely worsening,Worsening,"c(1412336.25116206, 5058802.5336296)"
1998-2017,NAT-HV02,Ammoniacal nitrogen,Pastoral,0.009831,-5.8e-5,g/m3,Likely improving,Indeterminate,"c(1936616.35288868, 5596294.74699092)"
2008-2017,HRC-00061,Nitrate-nitrogen,Pastoral,0.195,0.003243,g/m3,Very likely worsening,Worsening,"c(1778194.72177653, 5668616.9258695)"
2008-2017,NRC-00009,Ammoniacal nitrogen,Pastoral,0.009,0,g/m3,Indeterminate,Indeterminate,"c(1677314.67384892, 6056560.0028665)"
2008-2017,TDC-00028,Ammoniacal nitrogen,Pastoral,0.006,-0.001499,g/m3,Very likely improving,Improving,"c(1604827.62881396, 5439236.51309905)"
2008-2017,TDC-00023,Ammoniacal nitrogen,Pastoral,0.0165,-0.002053,g/m3,Very likely improving,Improving,"c(1543655.55370687, 5372117.89078786)"
1990-2017,NAT-DN07,Total nitrogen,Pastoral,0.593816,0.017274,g/m3,Very likely worsening,Worsening,"c(1244169.06270468, 4927128.89169895)"
2008-2017,HBRC-00019,Total nitrogen,Pastoral,0.17,-0.008488,g/m3,Very likely improving,Improving,"c(1894711.19249937, 5581653.28639584)"
2008-2017,TRC-00003,Total nitrogen,Pastoral,1.1,0.00403,g/m3,Likely worsening,Indeterminate,"c(1702517.92553254, 5676124.55439519)"
2008-2017,ARC-00015,Total nitrogen,Urban,1.2,-0.016663,g/m3,Very likely improving,Indeterminate,"c(1767400.69123454, 5907335.76142815)"
2008-2017,EW-00050,Nitrate-nitrogen,Pastoral,0.47,0.005537,g/m3,Very likely worsening,Indeterminate,"c(1853776.35715234, 5859578.45012098)"
2008-2017,TRC-00001,Ammoniacal nitrogen,Pastoral,0.012,0,g/m3,Likely improving,Indeterminate,"c(1726279.47730649, 5638867.77604925)"
1990-2017,NAT-DN09,Nitrate-nitrogen,Native,0.1880305,0.005534,g/m3,Very likely worsening,Worsening,"c(1189470.70574501, 4877602.57623951)"
2008-2017,TDC-00038,Ammoniacal nitrogen,Pastoral,0.006,-7.04e-4,g/m3,Very likely improving,Improving,"c(1585803.11148192, 5477023.10661121)"
2008-2017,NRC-00030,Total nitrogen,Pastoral,3.1,-0.308979,g/m3,Very likely improving,Improving,"c(1701752.92840623, 6045595.14295113)"
1998-2017,NAT-NN01,Total nitrogen,Native,0.227815,0.00306,g/m3,Very likely worsening,Worsening,"c(1585117.44154086, 5432405.12457538)"
2008-2017,ARC-00004,Ammoniacal nitrogen,Urban,0.022,-0.001632,g/m3,Very likely improving,Improving,"c(1751447.75354524, 5934310.00383793)"
2008-2017,GW-00032,Total nitrogen,Pastoral,0.51,0,g/m3,Indeterminate,Indeterminate,"c(1825551.31212234, 5462827.31278692)"
2008-2017,ECAN-00130,Total nitrogen,Pastoral,0.1415,0.009181,g/m3,Very likely worsening,Indeterminate,"c(1624768.05712594, 5273645.30094319)"
1990-2017,NAT-DN10,Nitrate-nitrogen,Native,0.006,-7.9e-5,g/m3,Very likely improving,Improving,"c(1175353.77529873, 4912841.39967819)"
1990-2017,NAT-HV03,Ammoniacal nitrogen,Pastoral,0.004,-4.5e-5,g/m3,Very likely improving,Improving,"c(1932503.897781, 5609684.32539722)"
2008-2017,GW-00053,Nitrate-nitrogen,Pastoral,0.063,0.002583,g/m3,Very likely worsening,Worsening,"c(1809928.98680933, 5403099.01277406)"
2008-2017,EW-00059,Nitrate-nitrogen,Pastoral,0.22,-0.001295,g/m3,Likely improving,Indeterminate,"c(1831450.56525533, 5809918.94206168)"
1998-2017,HBRC-00010,Ammoniacal nitrogen,Pastoral,0.0195,-0.002078,g/m3,Very likely improving,Improving,"c(1925286.56021052, 5598717.1719768)"
1998-2017,ES-00030,Nitrate-nitrogen,Pastoral,0.64,0.012045,g/m3,Very likely worsening,Worsening,"c(1276666.29771573, 4897497.11273062)"
1998-2017,ORC-00021,Nitrate-nitrogen,Urban,0.32,3.36e-4,g/m3,Indeterminate,Indeterminate,"c(1400312.41636145, 4913362.42161744)"
1998-2017,ORC-00162,Total nitrogen,Pastoral,1.4,0.02451,g/m3,Very likely worsening,Worsening,"c(1310330.17628713, 4887000.41912409)"
1998-2017,EW-00063,Nitrate-nitrogen,Pastoral,0.5735,0.013872,g/m3,Very likely worsening,Worsening,"c(1801272.92445352, 5788167.72040841)"
2008-2017,ECAN-00104,Total nitrogen,Pastoral,0.1545,-0.002567,g/m3,Likely worsening,Indeterminate,"c(1566581.93801107, 5232281.84144207)"
1998-2017,ECAN-00025,Nitrate-nitrogen,Native,0.16,-0.009581,g/m3,Very likely improving,Improving,"c(1471992.43894645, 5121071.10551633)"
1990-2017,NAT-GY01,Ammoniacal nitrogen,Native,0.003361,-1.23e-4,g/m3,Very likely improving,Improving,"c(1491996.85491255, 5367619.65958434)"
2008-2017,EW-00114,Total nitrogen,Pastoral,2.0435,-0.005176,g/m3,Likely improving,Indeterminate,"c(1784668.39986439, 5853553.79827394)"
2008-2017,ES-00026,Ammoniacal nitrogen,Native,0.01,0,g/m3,Very likely improving,Indeterminate,"c(1289984.72022104, 4948170.39993763)"
2008-2017,NCC-00036,Ammoniacal nitrogen,Native,0.005,0,g/m3,Likely improving,Indeterminate,"c(1640575.42729267, 5439967.26520067)"
2008-2017,ES-00009,Total nitrogen,Native,0.11,0,g/m3,Very likely worsening,Indeterminate,"c(1219625.12053868, 4955628.0245551)"
2008-2017,CCC-00026,Ammoniacal nitrogen,Urban,0.12,-0.010334,g/m3,Very likely improving,Improving,"c(1575054.45150565, 5177173.02564908)"
2008-2017,EW-00070,Nitrate-nitrogen,Pastoral,0.44,0.002332,g/m3,Very likely worsening,Worsening,"c(1841606.44202781, 5680470.60006114)"
1990-2017,ARC-00008,Nitrate-nitrogen,Pastoral,0.061,-0.003585,g/m3,Very likely improving,Improving,"c(1753479.16710822, 5976280.78394104)"
2008-2017,HRC-00081,Nitrate-nitrogen,Pastoral,0.4,0.003425,g/m3,Likely worsening,Indeterminate,"c(1816963.73740859, 5524699.43605309)"
1990-2017,EW-00079,Nitrate-nitrogen,Pastoral,0.35,0.004974,g/m3,Very likely worsening,Worsening,"c(1781422.99580503, 5871762.70200642)"
2008-2017,ECAN-00138,Nitrate-nitrogen,Pastoral,3.9,0.199936,g/m3,Very likely worsening,Worsening,"c(1592069.46694351, 5257593.98236664)"
2008-2017,CCC-00002,Total nitrogen,Pastoral,2.05,-0.101318,g/m3,Very likely improving,Improving,"c(1568213.55384064, 5180801.09083151)"
2008-2017,LAWA-101950,Nitrate-nitrogen,Pastoral,0.498,-0.054948,g/m3,Very likely improving,Improving,"c(1838167.28377568, 5561217.26339793)"
2008-2017,EBOP-00003,Ammoniacal nitrogen,Pastoral,0.008,0,g/m3,Indeterminate,Indeterminate,"c(1898394.88778315, 5806520.96353806)"
1998-2017,NAT-TK02,Total nitrogen,Pastoral,0.789134,0.01332,g/m3,Very likely worsening,Worsening,"c(1435477.91917799, 5107207.84351601)"
2008-2017,HRC-00021,Total nitrogen,Native,0.066,-1.62e-4,g/m3,Likely improving,Indeterminate,"c(1815263.34913294, 5493393.64533819)"
2008-2017,HBRC-00056,Ammoniacal nitrogen,Pastoral,0.01,-4.28e-4,g/m3,Very likely improving,Improving,"c(1883963.3787331, 5687334.6094961)"
1998-2017,ES-00019,Nitrate-nitrogen,Urban,1.3,-0.008119,g/m3,Very likely improving,Improving,"c(1242696.86126775, 4849257.08530154)"
2008-2017,ES-00045,Ammoniacal nitrogen,Native,0.01,0,g/m3,Very likely improving,Indeterminate,"c(1200811.43848516, 4943885.22967599)"
2008-2017,EW-00009,Total nitrogen,Native,0.112,0.001442,g/m3,Likely worsening,Indeterminate,"c(1830016.76017917, 5884329.16478203)"
2008-2017,ES-00006,Total nitrogen,Native,0.17,0.002739,g/m3,Very likely worsening,Indeterminate,"c(1209665.23248244, 4865576.03073677)"
1990-2017,NAT-HM04,Ammoniacal nitrogen,Pastoral,0.01,-2.45e-4,g/m3,Very likely improving,Improving,"c(1788553.4462778, 5854908.67058694)"
2008-2017,EW-00064,Nitrate-nitrogen,Pastoral,0.57,0.020626,g/m3,Very likely worsening,Worsening,"c(1868349.32128825, 5752039.13364485)"
2008-2017,NAT-TK05,Ammoniacal nitrogen,Pastoral,0.003797,1.06e-4,g/m3,Very likely worsening,Worsening,"c(1401240.3596247, 5044394.9049653)"
2008-2017,ARC-00008,Ammoniacal nitrogen,Pastoral,0.01,-0.001303,g/m3,Very likely improving,Improving,"c(1753479.16710822, 5976280.78394104)"
2008-2017,HRC-00057,Ammoniacal nitrogen,Pastoral,0.024,-0.001,g/m3,Very likely improving,Improving,"c(1782959.64660107, 5493593.6699019)"
2008-2017,CCC-00012,Ammoniacal nitrogen,Urban,0.043,-0.001978,g/m3,Very likely improving,Improving,"c(1577464.0811969, 5182218.8164833)"
2008-2017,ORC-00048,Total nitrogen,Native,0.09,1.58e-4,g/m3,Indeterminate,Indeterminate,"c(1282207.83908568, 5049598.38276674)"
2008-2017,HRC-00075,Ammoniacal nitrogen,Pastoral,0.02,-0.001496,g/m3,Very likely improving,Improving,"c(1863877.92539982, 5542510.93270694)"
1990-2017,ORC-00103,Total nitrogen,Native,0.12,0,g/m3,Indeterminate,Indeterminate,"c(1292735.91591541, 5037194.5648058)"
2008-2017,ECAN-00100,Nitrate-nitrogen,Pastoral,0.1,3.97e-4,g/m3,Indeterminate,Indeterminate,"c(1583539.66305847, 5151534.97512003)"
2008-2017,ES-00057,Total nitrogen,Native,1.15,-0.015857,g/m3,Very likely improving,Indeterminate,"c(1266601.78442794, 4836267.85644907)"
2008-2017,NRC-00009,Total nitrogen,Pastoral,0.16,0.014812,g/m3,Very likely worsening,Worsening,"c(1677314.67384892, 6056560.0028665)"
1998-2017,EW-00036,Nitrate-nitrogen,Pastoral,1.88,0.014261,g/m3,Very likely worsening,Worsening,"c(1811453.59232903, 5803486.5572362)"
2008-2017,NAT-RO06,Total nitrogen,Native,0.063,5.21e-4,g/m3,Very likely worsening,Indeterminate,"c(1868160.35049445, 5715893.14430308)"
1998-2017,NAT-GS02,Nitrate-nitrogen,Pastoral,0.165034,6.68e-4,g/m3,Likely worsening,Indeterminate,"c(1998297.15339057, 5738073.10327286)"
1998-2017,ES-00026,Total nitrogen,Native,0.11,-0.001577,g/m3,Very likely improving,Improving,"c(1289984.72022104, 4948170.39993763)"
2008-2017,NAT-RO02,Ammoniacal nitrogen,Exotic forest,0.046,-0.001309,g/m3,Very likely improving,Improving,"c(1931051.57079841, 5794093.20488979)"
1998-2017,HBRC-00005,Ammoniacal nitrogen,Pastoral,0.01,-6.61e-4,g/m3,Very likely improving,Improving,"c(1933381.73625101, 5612736.52105482)"
2008-2017,CCC-00021,Nitrate-nitrogen,Urban,2.079,-0.023077,g/m3,Very likely improving,Improving,"c(1569138.39950704, 5175241.59740723)"
1998-2017,EW-00070,Ammoniacal nitrogen,Pastoral,0.01,0,g/m3,Likely improving,Indeterminate,"c(1841606.44202781, 5680470.60006114)"
1990-2017,NAT-NN04,Ammoniacal nitrogen,Native,0.003007,-6.4e-5,g/m3,Very likely improving,Improving,"c(1680605.72501121, 5411849.36564347)"
2008-2017,LAWA-101963,Total nitrogen,Native,0.287,-0.023873,g/m3,Very likely improving,Improving,"c(1821535.82892111, 5628135.87204699)"
2008-2017,ES-00008,Total nitrogen,Pastoral,1.27,-0.008873,g/m3,Likely improving,Indeterminate,"c(1212039.03806766, 4879503.0972983)"
2008-2017,EW-00057,Nitrate-nitrogen,Pastoral,0.87,-0.011308,g/m3,Likely improving,Indeterminate,"c(1829528.0136454, 5823821.36906119)"
1998-2017,EBOP-00010,Nitrate-nitrogen,Pastoral,0.799,0.001996,g/m3,Very likely worsening,Worsening,"c(1881721.81882938, 5779975.88141377)"
2008-2017,ARC-00011,Nitrate-nitrogen,Pastoral,0.21,-0.010361,g/m3,Very likely improving,Improving,"c(1751384.97354978, 5938516.27004992)"
1998-2017,EW-00118,Nitrate-nitrogen,Pastoral,0.675,0.017814,g/m3,Very likely worsening,Worsening,"c(1885557.08569707, 5755362.69585128)"
1998-2017,EW-00037,Nitrate-nitrogen,Native,0.33,9.44e-4,g/m3,Very likely worsening,Worsening,"c(1814566.10020544, 5857706.87293014)"
2008-2017,ECAN-00139,Ammoniacal nitrogen,Pastoral,0.01,0,g/m3,Very likely improving,Indeterminate,"c(1605348.69749312, 5279584.37537944)"
1998-2017,EW-00028,Nitrate-nitrogen,Pastoral,0.64,0.003579,g/m3,Very likely worsening,Worsening,"c(1766233.72485917, 5734414.95060453)"
2008-2017,EBOP-00048,Nitrate-nitrogen,Exotic forest,0.967,0.004171,g/m3,Likely worsening,Indeterminate,"c(1922633.76359211, 5736451.43434587)"
1998-2017,EW-00047,Nitrate-nitrogen,Pastoral,1.395,0.033094,g/m3,Very likely worsening,Worsening,"c(1773041.6933787, 5868434.44658301)"
1998-2017,EW-00109,Ammoniacal nitrogen,Pastoral,0.01,0,g/m3,Very likely worsening,Indeterminate,"c(1851401.4909789, 5766292.37738631)"
2008-2017,HRC-00080,Ammoniacal nitrogen,Pastoral,0.01,-0.001244,g/m3,Very likely improving,Improving,"c(1819164.14697551, 5525800.9069333)"
2008-2017,ES-00135,Total nitrogen,Pastoral,2.1,-0.055084,g/m3,Very likely improving,Improving,"c(1258188.38342163, 4838350.25428847)"
2008-2017,EW-00033,Nitrate-nitrogen,Pastoral,0.39,0.002898,g/m3,Likely worsening,Indeterminate,"c(1810085.91580941, 5780377.61691237)"
1998-2017,ECAN-00025,Ammoniacal nitrogen,Native,0.01,-3.34e-4,g/m3,Very likely improving,Improving,"c(1471992.43894645, 5121071.10551633)"
2008-2017,ORC-00095,Ammoniacal nitrogen,Urban,0.01,0,g/m3,Likely worsening,Indeterminate,"c(1407403.87799939, 4918172.91820279)"
2008-2017,HRC-00022,Total nitrogen,Pastoral,0.14,5.83e-4,g/m3,Likely worsening,Indeterminate,"c(1820764.46119586, 5497694.38767924)"
2008-2017,CCC-00018,Ammoniacal nitrogen,Urban,0.08,3.39e-4,g/m3,Likely worsening,Indeterminate,"c(1568681.59970537, 5175547.43552808)"
1998-2017,EW-00024,Ammoniacal nitrogen,Pastoral,0.013,-5.55e-4,g/m3,Very likely improving,Improving,"c(1789614.28292344, 5754244.72412592)"
1990-2017,NAT-WN01,Ammoniacal nitrogen,Native,0.0069865,-1.57e-4,g/m3,Very likely improving,Improving,"c(1761038, 5437628)"
1998-2017,HBRC-00024,Nitrate-nitrogen,Pastoral,0.093,8.62e-4,g/m3,Indeterminate,Indeterminate,"c(1943250.73676793, 5645501.00742251)"
2008-2017,HRC-00032,Total nitrogen,Pastoral,0.54,-0.002408,g/m3,Indeterminate,Indeterminate,"c(1776176.91251702, 5690218.87990693)"
1998-2017,NAT-TK06,Total nitrogen,Native,0.11614725,-0.003733,g/m3,Very likely improving,Improving,"c(1450084.64907342, 5023209.16649061)"
2008-2017,GW-00024,Nitrate-nitrogen,Pastoral,0.43,0,g/m3,Indeterminate,Indeterminate,"c(1778726, 5448590)"
2008-2017,EW-00013,Ammoniacal nitrogen,Native,0.01,0,g/m3,Very likely improving,Indeterminate,"c(1825489.76173404, 5691862.25859438)"
2008-2017,ORC-00043,Ammoniacal nitrogen,Native,0.007,0,g/m3,Indeterminate,Indeterminate,"c(1304634.56029714, 5038002.58643169)"
1998-2017,HBRC-00017,Ammoniacal nitrogen,Native,0.01,-1.78e-4,g/m3,Very likely improving,Improving,"c(1896237.07460237, 5636219.92683625)"
2008-2017,ECAN-10086,Total nitrogen,Pastoral,0.785,-0.024183,g/m3,Likely improving,Indeterminate,"c(1656294.41045182, 5304957.31422922)"
2008-2017,GDC-00022,Ammoniacal nitrogen,Pastoral,0.015,0,g/m3,Very likely improving,Indeterminate,"c(2041182.44519181, 5710809.39559645)"
2008-2017,GW-00006,Nitrate-nitrogen,Native,0.0465,1.9e-5,g/m3,Indeterminate,Indeterminate,"c(1777982, 5485886)"
1998-2017,ECAN-00093,Nitrate-nitrogen,Pastoral,4.95,0.180883,g/m3,Very likely worsening,Worsening,"c(1546785.50057977, 5150250.420476)"
1998-2017,ARC-00015,Nitrate-nitrogen,Urban,1,-0.020406,g/m3,Very likely improving,Improving,"c(1767400.69123454, 5907335.76142815)"
2008-2017,EW-00040,Nitrate-nitrogen,Pastoral,0.26,3.27e-4,g/m3,Indeterminate,Indeterminate,"c(1760499.55474074, 5763610.52799423)"
2008-2017,ARC-00017,Nitrate-nitrogen,Urban,0.3,-0.001247,g/m3,Likely improving,Indeterminate,"c(1751304.83586472, 5933318.8462925)"
1998-2017,ORC-00081,Ammoniacal nitrogen,Pastoral,0.01,-2.9e-4,g/m3,Very likely improving,Improving,"c(1430518.17122613, 4986496.53381685)"
2008-2017,ECAN-00034,Nitrate-nitrogen,Pastoral,1.64,0.014235,g/m3,Likely worsening,Indeterminate,"c(1461771.3670413, 5099260.07398151)"
2008-2017,NAT-GS01,Total nitrogen,Pastoral,0.28007975,7.24e-4,g/m3,Indeterminate,Indeterminate,"c(2025938.59804975, 5730727.34044879)"
2008-2017,LAWA-100394,Ammoniacal nitrogen,Pastoral,0.01,0,g/m3,Likely improving,Indeterminate,"c(1809932.88898024, 5455234.82986468)"
2008-2017,NRC-00029,Nitrate-nitrogen,Pastoral,0.006,-7.25e-4,g/m3,Very likely improving,Improving,"c(1640648.22169465, 6064712.7725113)"
1998-2017,NAT-GY02,Total nitrogen,Native,0.236169,0.003986,g/m3,Very likely worsening,Worsening,"c(1460025.60602225, 5298301.85464427)"
2008-2017,EW-00033,Total nitrogen,Pastoral,0.53,-0.004253,g/m3,Likely improving,Indeterminate,"c(1810085.91580941, 5780377.61691237)"
2008-2017,ES-00130,Total nitrogen,Pastoral,3.6,0.125326,g/m3,Very likely worsening,Worsening,"c(1274853.53269936, 4898635.94361735)"
1998-2017,ORC-00061,Ammoniacal nitrogen,Pastoral,0.01,-4.57e-4,g/m3,Very likely improving,Improving,"c(1424505.35516365, 4961671.28977934)"
2008-2017,ARC-00010,Nitrate-nitrogen,Urban,1.32,-0.032744,g/m3,Very likely improving,Improving,"c(1751942.13215072, 5917436.22741295)"
1998-2017,ES-00003,Nitrate-nitrogen,Native,0.01,0,g/m3,Indeterminate,Indeterminate,"c(1222210.23518893, 4970452.65639626)"
2008-2017,ECAN-00148,Nitrate-nitrogen,Pastoral,1.465,-0.048845,g/m3,Very likely improving,Improving,"c(1567746.66997799, 5202820.05207372)"
2008-2017,EBOP-00006,Nitrate-nitrogen,Pastoral,0.9565,-0.001127,g/m3,Indeterminate,Indeterminate,"c(1877853.88736505, 5822799.70354631)"
2008-2017,WCRC-00021,Ammoniacal nitrogen,Pastoral,0.008,-3.3e-4,g/m3,Likely improving,Indeterminate,"c(1402126.92660047, 5226593.5398536)"
2008-2017,ECAN-00128,Nitrate-nitrogen,Native,0.003,-2.38e-4,g/m3,Very likely improving,Improving,"c(1392497.89669811, 5124605.96089296)"
2008-2017,TRC-00011,Ammoniacal nitrogen,Pastoral,0.009,0,g/m3,Likely improving,Indeterminate,"c(1698276.91466145, 5666698.18035344)"
2008-2017,ES-00033,Total nitrogen,Native,0.34,-0.002506,g/m3,Likely improving,Indeterminate,"c(1295645.41130989, 4828129.8393277)"
2008-2017,ECAN-00127,Total nitrogen,Urban,1.17,0.076592,g/m3,Very likely worsening,Worsening,"c(1459887.50639261, 5084972.26610352)"
2008-2017,LAWA-101959,Ammoniacal nitrogen,Pastoral,0.381,0.045475,g/m3,Very likely worsening,Worsening,"c(1803558.62120417, 5557508.23774335)"
2008-2017,GDC-00010,Nitrate-nitrogen,Pastoral,0.148,0,g/m3,Indeterminate,Indeterminate,"c(2018736.21706084, 5741090.72047711)"
1998-2017,NAT-WA08,Nitrate-nitrogen,Pastoral,0.498269,-0.014598,g/m3,Very likely improving,Improving,"c(1823064.96684238, 5527301.65372286)"
2008-2017,GW-00019,Nitrate-nitrogen,Urban,1.13,0.001865,g/m3,Indeterminate,Indeterminate,"c(1749069, 5431077)"
1998-2017,ES-00026,Ammoniacal nitrogen,Native,0.01,0,g/m3,Very likely improving,Indeterminate,"c(1289984.72022104, 4948170.39993763)"
2008-2017,EW-00116,Total nitrogen,Pastoral,0.87,-0.004034,g/m3,Likely improving,Indeterminate,"c(1841394.04653159, 5694977.70068572)"
2008-2017,HRC-00049,Ammoniacal nitrogen,Native,0.01,0,g/m3,Indeterminate,Indeterminate,"c(1858272.99325157, 5554315.76182492)"
2008-2017,ORC-00103,Nitrate-nitrogen,Native,0.056,0.004346,g/m3,Very likely worsening,Worsening,"c(1292735.91591541, 5037194.5648058)"
2008-2017,ES-00067,Ammoniacal nitrogen,Pastoral,0.011,0,g/m3,Very likely improving,Indeterminate,"c(1260758.28012429, 4902524.81671538)"
2008-2017,HRC-00060,Nitrate-nitrogen,Pastoral,0.1405,0.003552,g/m3,Very likely worsening,Worsening,"c(1775721.34095475, 5627708.62381927)"
1998-2017,NRC-00017,Nitrate-nitrogen,Pastoral,0.064,-0.001332,g/m3,Very likely improving,Improving,"c(1620696.53125017, 6114750.44208859)"
1998-2017,NAT-AX04,Total nitrogen,Native,0.08989625,-6.23e-4,g/m3,Very likely improving,Improving,"c(1320353.95487025, 4936849.94068275)"
2008-2017,HBRC-00041,Ammoniacal nitrogen,Pastoral,0.01,-4e-4,g/m3,Very likely improving,Improving,"c(1940712.4962782, 5583788.67835698)"
2008-2017,CCC-00005,Ammoniacal nitrogen,Urban,0.025,-3.66e-4,g/m3,Likely improving,Indeterminate,"c(1569000.2366013, 5179665.62655376)"
1998-2017,EW-00111,Ammoniacal nitrogen,Pastoral,0.03,-2.91e-4,g/m3,Very likely improving,Indeterminate,"c(1799049.32430871, 5865380.76560567)"
1990-2017,NAT-HM01,Total nitrogen,Pastoral,0.389025,0.003376,g/m3,Very likely worsening,Worsening,"c(1805445.98872244, 5761606.95056606)"
2008-2017,ECAN-00002,Ammoniacal nitrogen,Pastoral,0.01,-6.92e-4,g/m3,Very likely improving,Improving,"c(1364372.2332452, 5072002.4876851)"
2008-2017,NAT-RO02,Total nitrogen,Exotic forest,0.6207305,-0.01153,g/m3,Very likely improving,Improving,"c(1931051.57079841, 5794093.20488979)"
2008-2017,CCC-00007,Nitrate-nitrogen,Urban,1.4,-0.064701,g/m3,Very likely improving,Improving,"c(1570870.33136184, 5180110.51418162)"
1990-2017,NAT-WA03,Ammoniacal nitrogen,Pastoral,0.029,7.97e-4,g/m3,Very likely worsening,Worsening,"c(1703933.11126215, 5618332.34374394)"
2008-2017,ECAN-00095,Ammoniacal nitrogen,Native,0.01,-1.78e-4,g/m3,Very likely improving,Indeterminate,"c(1491500.81586045, 5180594.91611876)"
2008-2017,ECAN-00003,Total nitrogen,Pastoral,0.08,0.001547,g/m3,Very likely worsening,Worsening,"c(1415610.78861571, 5068776.14051414)"
2008-2017,GW-00018,Ammoniacal nitrogen,Urban,0.0155,0,g/m3,Indeterminate,Indeterminate,"c(1744192.76414158, 5426683.36726746)"
2008-2017,ECAN-00049,Nitrate-nitrogen,Pastoral,0.094,-0.002002,g/m3,Indeterminate,Indeterminate,"c(1439900.95377644, 5037036.23433027)"
2008-2017,ECAN-00085,Total nitrogen,Pastoral,3.9,-0.082807,g/m3,Very likely improving,Improving,"c(1555707.48627913, 5161673.89932379)"
2008-2017,ECAN-00156,Nitrate-nitrogen,Pastoral,0.204,0.009183,g/m3,Very likely worsening,Worsening,"c(1592164.51696336, 5148462.21630799)"
2008-2017,ORC-00131,Total nitrogen,Pastoral,0.23,0.002005,g/m3,Indeterminate,Indeterminate,"c(1300375.7886388, 4913401.71329579)"
1998-2017,HBRC-00006,Ammoniacal nitrogen,Pastoral,0.01,-2.94e-4,g/m3,Very likely improving,Improving,"c(1904329.85740763, 5532964.76238142)"
1990-2017,NAT-CH03,Total nitrogen,Native,0.097124,0.001056,g/m3,Very likely worsening,Worsening,"c(1523148.99482161, 5198672.84082237)"
1998-2017,NAT-AX03,Nitrate-nitrogen,Native,0.016004,-4.71e-4,g/m3,Very likely improving,Improving,"c(1262218.66931847, 5009078.47813716)"
1998-2017,ORC-00046,Nitrate-nitrogen,Pastoral,0.029,-6.66e-4,g/m3,Very likely improving,Indeterminate,"c(1319691.95574408, 4985480.15096103)"
2008-2017,LAWA-101950,Total nitrogen,Pastoral,0.92,-0.084667,g/m3,Very likely improving,Improving,"c(1838167.28377568, 5561217.26339793)"
1990-2017,NAT-WA03,Nitrate-nitrogen,Pastoral,1.8839585,0.002812,g/m3,Likely worsening,Indeterminate,"c(1703933.11126215, 5618332.34374394)"
2008-2017,TRC-00005,Ammoniacal nitrogen,Pastoral,0.054,-5.01e-4,g/m3,Likely improving,Indeterminate,"c(1715898.06727148, 5644486.74055036)"
1998-2017,EW-00079,Nitrate-nitrogen,Pastoral,0.347,0.007645,g/m3,Very likely worsening,Worsening,"c(1781422.99580503, 5871762.70200642)"
2008-2017,EW-00025,Ammoniacal nitrogen,Pastoral,0.02,-3.34e-4,g/m3,Very likely improving,Improving,"c(1805638.41786171, 5812580.35002633)"
1990-2017,NAT-NN05,Ammoniacal nitrogen,Native,0.002394,-8.2e-5,g/m3,Very likely improving,Improving,"c(1548984.93444428, 5376111.57579002)"
2008-2017,HBRC-00053,Nitrate-nitrogen,Pastoral,0.007,-0.002448,g/m3,Very likely improving,Improving,"c(1933607.8407267, 5568635.11760873)"
1998-2017,ECAN-00018,Ammoniacal nitrogen,Pastoral,0.01,-3.34e-4,g/m3,Very likely improving,Improving,"c(1495538.18533292, 5141826.46338523)"
2008-2017,ES-00002,Nitrate-nitrogen,Pastoral,0.38,-0.002144,g/m3,Likely improving,Indeterminate,"c(1186899.9324436, 4935751.27399049)"
2008-2017,HBRC-00039,Ammoniacal nitrogen,Pastoral,0.01,-3.09e-4,g/m3,Very likely improving,Improving,"c(1886293.42620232, 5573855.35312967)"
2008-2017,EBOP-00049,Ammoniacal nitrogen,Pastoral,0.011,0,g/m3,Likely worsening,Indeterminate,"c(1933482.24658382, 5782725.59573066)"
2008-2017,ECAN-00091,Nitrate-nitrogen,Pastoral,5.3,-0.260819,g/m3,Very likely improving,Indeterminate,"c(1548305.42133225, 5153782.2294879)"
2008-2017,EW-00034,Total nitrogen,Native,0.28,0,g/m3,Indeterminate,Indeterminate,"c(1787569.80374973, 5788448.80007198)"
2008-2017,HRC-00008,Ammoniacal nitrogen,Pastoral,0.01,0,g/m3,Indeterminate,Indeterminate,"c(1832368.20508134, 5505696.16968103)"
1998-2017,EW-00110,Ammoniacal nitrogen,Pastoral,0.05,0,g/m3,Indeterminate,Indeterminate,"c(1785041.29970526, 5868956.00903638)"
2008-2017,LAWA-100336,Ammoniacal nitrogen,Native,0.01,0,g/m3,Very likely improving,Indeterminate,"c(2064472.39690941, 5825398.29846245)"
2008-2017,EW-00082,Nitrate-nitrogen,Exotic forest,0.0385,2.86e-4,g/m3,Likely worsening,Indeterminate,"c(1887959.80494298, 5729695.75680236)"
1990-2017,NAT-HM03,Ammoniacal nitrogen,Pastoral,0.0078505,1.18e-4,g/m3,Very likely worsening,Indeterminate,"c(1801565.41935042, 5814586.61847656)"
1990-2017,ORC-00085,Ammoniacal nitrogen,Pastoral,0.01,-2.04e-4,g/m3,Very likely improving,Improving,"c(1414464.45258486, 4946581.18630466)"
2008-2017,MDC-00013,Ammoniacal nitrogen,Pastoral,0.01,0,g/m3,Likely improving,Indeterminate,"c(1642831.62042569, 5398514.33498173)"
2008-2017,HRC-00081,Total nitrogen,Pastoral,0.78,0.005059,g/m3,Likely worsening,Indeterminate,"c(1816963.73740859, 5524699.43605309)"
1990-2017,NAT-RO05,Ammoniacal nitrogen,Exotic forest,0.01,-5e-5,g/m3,Very likely improving,Indeterminate,"c(1933491.90015157, 5782767.98651515)"
1990-2017,NAT-HM01,Nitrate-nitrogen,Pastoral,0.2445,0.002046,g/m3,Very likely worsening,Worsening,"c(1805445.98872244, 5761606.95056606)"
1998-2017,EW-00018,Nitrate-nitrogen,Pastoral,1.18,0.033698,g/m3,Very likely worsening,Worsening,"c(1889480.10266407, 5738554.38504103)"
2008-2017,EW-00072,Ammoniacal nitrogen,Pastoral,0.01,0,g/m3,Likely worsening,Indeterminate,"c(1802759.75166299, 5859886.39496644)"
2008-2017,ES-00043,Nitrate-nitrogen,Native,0.14,-0.002913,g/m3,Very likely improving,Indeterminate,"c(1188472.04682994, 4957791.93413797)"
2008-2017,NAT-TU02,Total nitrogen,Native,0.075,0.002199,g/m3,Very likely worsening,Worsening,"c(1843656.92911832, 5679868.94961402)"
2008-2017,LAWA-101943,Ammoniacal nitrogen,Pastoral,0.02,-0.001366,g/m3,Very likely improving,Improving,"c(1863889.30020963, 5542493.71992776)"
2008-2017,EW-00024,Ammoniacal nitrogen,Pastoral,0.01,0,g/m3,Very likely worsening,Indeterminate,"c(1789614.28292344, 5754244.72412592)"
1998-2017,NAT-WA01,Ammoniacal nitrogen,Pastoral,0.011254,2.75e-4,g/m3,Very likely worsening,Worsening,"c(1708572.09887884, 5676997.1213531)"
1998-2017,NAT-DN08,Nitrate-nitrogen,Pastoral,0.92904625,0.012045,g/m3,Very likely worsening,Worsening,"c(1235581.30454759, 4858621.02996811)"
2008-2017,ES-00022,Nitrate-nitrogen,Pastoral,0.885,-0.004994,g/m3,Likely improving,Indeterminate,"c(1280868.09259529, 4875388.64082483)"
1998-2017,NAT-HV05,Total nitrogen,Native,0.2189025,0.005906,g/m3,Very likely worsening,Worsening,"c(1957248.04477855, 5666767.20039584)"
1998-2017,NAT-WH04,Nitrate-nitrogen,Pastoral,0.41253675,-0.007849,g/m3,Very likely improving,Improving,"c(1704195.37192097, 6053807.97747817)"
2008-2017,EBOP-00006,Ammoniacal nitrogen,Pastoral,0.06049999975,0.001834,g/m3,Very likely worsening,Worsening,"c(1877853.88736505, 5822799.70354631)"
1998-2017,NAT-DN08,Ammoniacal nitrogen,Pastoral,0.0079475,-7.9e-5,g/m3,Very likely improving,Indeterminate,"c(1235581.30454759, 4858621.02996811)"
2008-2017,ORC-00082,Total nitrogen,Pastoral,1.205,0.024531,g/m3,Very likely worsening,Indeterminate,"c(1433507.27099725, 4997598.39889043)"
2008-2017,EW-00021,Ammoniacal nitrogen,Pastoral,0.184,0.020045,g/m3,Very likely worsening,Worsening,"c(1848625.39538551, 5768324.86025484)"
2008-2017,ORC-00049,Nitrate-nitrogen,Pastoral,0.32,-0.004345,g/m3,Very likely improving,Indeterminate,"c(1269925.004267, 5012053.39782311)"
2008-2017,EW-00048,Total nitrogen,Pastoral,0.5,2.82e-4,g/m3,Indeterminate,Indeterminate,"c(1773724.60207856, 5818433.61575986)"
2008-2017,GDC-00027,Ammoniacal nitrogen,Pastoral,0.01,0,g/m3,Indeterminate,Indeterminate,"c(2025522.98520069, 5731516.93168908)"
2008-2017,EW-00051,Nitrate-nitrogen,Pastoral,0.525,-0.002968,g/m3,Indeterminate,Indeterminate,"c(1789427.63746958, 5817556.58288829)"
1998-2017,ORC-00095,Nitrate-nitrogen,Urban,0.421,0.007458,g/m3,Very likely worsening,Worsening,"c(1407403.87799939, 4918172.91820279)"
1998-2017,NAT-DN02,Ammoniacal nitrogen,Pastoral,0.0060905,-9.5e-5,g/m3,Very likely improving,Improving,"c(1373334.25597457, 4946566.74739863)"
2008-2017,NRC-00004,Nitrate-nitrogen,Urban,0.337,-0.009305,g/m3,Very likely improving,Improving,"c(1719027.5826239, 6045812.05643917)"
1998-2017,HBRC-00005,Nitrate-nitrogen,Pastoral,0.14,0,g/m3,Indeterminate,Indeterminate,"c(1933381.73625101, 5612736.52105482)"
2008-2017,HRC-00063,Nitrate-nitrogen,Pastoral,0.12,0.003504,g/m3,Very likely worsening,Worsening,"c(1795579.53393246, 5692635.30163002)"
2008-2017,EBOP-00006,Total nitrogen,Pastoral,1.16,-0.007449,g/m3,Very likely improving,Improving,"c(1877853.88736505, 5822799.70354631)"
1998-2017,NAT-WA04,Total nitrogen,Pastoral,0.4273515,0.006477,g/m3,Very likely worsening,Worsening,"c(1783661.61336769, 5594710.07410902)"
2008-2017,ES-00047,Ammoniacal nitrogen,Pastoral,0.01,0,g/m3,Likely improving,Indeterminate,"c(1250650.84199516, 4888441.34896095)"
2008-2017,EW-00089,Total nitrogen,Pastoral,0.7,0.005083,g/m3,Likely worsening,Indeterminate,"c(1852064.92458668, 5806548.98046093)"
1998-2017,EW-00115,Ammoniacal nitrogen,Native,0.01,0,g/m3,Very likely improving,Indeterminate,"c(1852425.09585414, 5886087.77743181)"
2008-2017,HRC-00042,Nitrate-nitrogen,Pastoral,0.121,9.26e-4,g/m3,Likely improving,Indeterminate,"c(1809155.94675563, 5560608.11468557)"
1998-2017,ECAN-00085,Nitrate-nitrogen,Pastoral,3.3,0.016562,g/m3,Very likely worsening,Worsening,"c(1555707.48627913, 5161673.89932379)"
2008-2017,CCC-00030,Nitrate-nitrogen,Urban,0.476,-0.032562,g/m3,Very likely improving,Improving,"c(1569046.93095511, 5186848.4833995)"
2008-2017,ES-00013,Ammoniacal nitrogen,Pastoral,0.01,0,g/m3,Very likely improving,Indeterminate,"c(1243769.33599614, 4931155.28995603)"
1998-2017,NAT-GS04,Total nitrogen,Native,0.112057,2.09e-4,g/m3,Likely worsening,Indeterminate,"c(2008011.78889632, 5799351.54221898)"
1998-2017,EBOP-00010,Total nitrogen,Pastoral,0.93,-0.005434,g/m3,Very likely improving,Improving,"c(1881721.81882938, 5779975.88141377)"
